Title,Localisation,Price,Chambre,Salle de bain,Type,Secteur,Salons,Surface habitable,Âge du bien,Étage,Frais de syndic,Ascenseur,Balcon,Chauffage,Climatisation,Concierge,Cuisine equipee,Duplex,Meuble,Parking,Securite,Terrasse
Appartement à vendre prêt av de France Agdal,Rabat,1 260 000 DH,1,2,"Appartements, à vendre",Agdal,1,,,,,non,non,non,non,non,non,non,non,non,non,non
Appartement à vendre 95 m² à Mohammedia,Mohammedia,1 470 000 DH,2,1,"Appartements, à vendre",Mimosas,,,,,400,non,non,non,non,non,non,non,non,non,non,non
Appartement à vendre 59 m² à Agadir,Agadir,680 000 DH,2,1,"Appartements, à vendre",Haut Anza,,,,,150,oui,oui,oui,oui,non,non,non,non,non,non,oui
appartement a vendre,Bouznika,730 000 DH,3,2,"Appartements, à vendre",Autre secteur,1,,,,,non,non,non,non,non,non,non,non,non,non,non
Appartement à vendre 60 m² à Marrakech,Marrakech,741 000 DH,2,1,"Appartements, à vendre",Guéliz,,,,,741000,oui,oui,oui,oui,oui,non,non,non,oui,non,oui
Bel Appart. Angle 105 m2 O.Taleb Californie,Casablanca,1 200 000 DH,3,1,"Appartements, à vendre",Californie,1,,,,,non,non,non,non,non,non,non,non,non,non,non
Appartement à vendre 5min a la gare tgv,Kénitra,860 000 DH,3,2,"Appartements, à vendre",Maamora,,,,,200,oui,non,non,oui,oui,non,non,non,oui,non,non
appartement a Vendre a Résidence chaabi,Mohammedia,680 000 DH,2,2,"Appartements, à vendre",Wafa,,,,,200,oui,oui,non,oui,oui,non,non,non,oui,non,oui
Appartement à vendre 86 m² à Agadir,Agadir,PRIX NON SPÉCIFIÉ,2,2,"Appartements, à vendre",Hay Massira,1,,,,,non,non,non,non,non,non,non,non,non,non,non
Appart.3 ch Safa Mandarona à coté Bd al qods,Casablanca,800 000 DH,3,1,"Appartements, à vendre",Californie,1,,,,,non,non,non,non,non,non,non,non,non,non,non
Appartement à vendre 120 m² à Agadir,Agadir,1 200 000 DH,2,2,"Appartements, à vendre",Amicales,,,,,200,oui,oui,non,non,oui,non,non,non,oui,non,oui
Appartement à vendre 75 m² à Casablanca,Casablanca,920 000 DH,2,1,"Appartements, à vendre",Aïn Chock,2,,,,,non,non,non,non,non,non,non,non,non,non,non
Appartement à vendre 132 m² à Rabat,Rabat,1 500 000 DH,2,2,"Appartements, à vendre",Hassan,,,,,300,oui,non,oui,oui,oui,non,non,non,oui,non,oui
Appart. 54 Addamane 3ème étage à coté Bd al qods,Casablanca,480 000 DH,2,1,"Appartements, à vendre",Aïn Chock,1,,,,,non,non,non,non,non,non,non,non,non,non,non
Appartement à vendre 51 m² à côté de gare TGV,Tanger,24 000 DH,2,1,"Appartements, à vendre",Malabata,1,,,,,oui,oui,oui,oui,oui,non,non,non,oui,non,non
Appartement de 163 m² au quartier des hôpitaux,Casablanca,2 080 000 DH,3,2,"Appartements, à vendre",Quartier des Hôpitaux,3,,,,,oui,oui,non,oui,non,non,non,non,oui,non,oui
Appart. Haut stand.190 m2 O.Taleb Californie,Casablanca,2 500 000 DH,3,3,"Appartements, à vendre",Californie,3,,,,,non,non,non,non,non,non,non,non,non,non,non
RBA-SKH-TE-1053 - Appartement à vendre à Guich O...,Rabat,1 750 000 DH,3,2,"Appartements, à vendre",Guich Oudaya,,,,2,,non,oui,non,non,non,non,non,non,non,non,oui
RBA-SKH-TE-1053 - Appartement à vendre à Guich O...,Rabat,1 750 000 DH,3,2,"Appartements, à vendre",Guich Oudaya,,,,2,,non,oui,non,non,non,non,non,non,non,non,oui
Appart. 2 faces 116 m2 O.Taleb à coté Bd al qods,Casablanca,1 300 000 DH,3,1,"Appartements, à vendre",Californie,2,,,,,non,non,non,non,non,non,non,non,non,non,non
Appart. 101 m2 Prolongement 2 Mars près Bd daouha,Casablanca,880 000 DH,3,2,"Appartements, à vendre",Aïn Chock,1,,,,,non,non,non,non,non,non,non,non,non,non,non
Appart. 2 faces 96 m2 Résidence Kheir Bd Tah,الدار البيضاء,960 000 DH,3,1,"Appartements, à vendre",Aïn Chock,2,,,,,non,non,non,non,non,non,non,non,non,non,non
Appartement meublé 57m² a vendre a hay ElMatar,El Jadida,360 000 DH,2,1,"Appartements, à vendre",Centre,,,,,50,oui,oui,non,non,oui,non,oui,non,oui,non,oui
Appartement à vendre 74 m² à Rabat,Rabat,840 000 DH,2,1,"Appartements, à vendre",Diour Jamaa,1,,,,,non,non,non,non,non,non,non,non,non,non,non
Appart. 79 m2 Angle Chouka Omarya-Hay Chrifa,Casablanca,760 000 DH,2,1,"Appartements, à vendre",Aïn Chock,2,,,,,non,non,non,non,non,non,non,non,non,non,non
APPARTEMENT 4CH SL A VENDRE A SIJILMASSI,Casablanca,4 400 000 DH,4,3,"Appartements, à vendre",Triangle d'Or,1,,,,,non,non,non,non,non,non,non,non,non,non,non
A VENDRE - APPARTEMENT SUR MAARIF QUARTIER BERGER,Casablanca,860 000 DH,2,1,"Appartements, à vendre",Maarif,1,,,,,non,non,non,non,non,non,non,non,non,non,non
Appartement à vendre 103 m² à Marrakech,Marrakech,PRIX NON SPÉCIFIÉ,2,1,"Appartements, à vendre",Route de Casablanca,1,,,,,non,non,non,non,non,non,non,non,non,non,non
Appartement à vendre 57m² à Marrakech,Marrakech,PRIX NON SPÉCIFIÉ,2,1,"Appartements, à vendre",Guéliz,1,,,,,non,non,non,non,non,non,non,non,non,non,non
APPAREMMENT 118M CORNICHE A VENDRE,Mohammedia,PRIX NON SPÉCIFIÉ,2,1,"Appartements, à vendre",Corniche,1,,,,,non,non,non,non,non,non,non,non,non,non,non
appartement a vendre,El Jadida,400 000 DH,2,1,"Appartements, à vendre",Hay Essalam,1,,,,,oui,non,non,non,oui,non,non,non,oui,non,non
Appartement à vendre 185 m² à Kénitra,Kénitra,1 300 000 DH,3,1,"Appartements, à vendre",Mimosas,,,,,150,oui,oui,non,non,oui,non,non,non,oui,non,oui
CMN-MA-1755 - Appartement à vendre à Racine,Casablanca,1 400 000 DH,1,1,"Appartements, à vendre",Racine,,58,,,,oui,oui,non,non,non,non,non,non,oui,non,oui
Appartement à vendre 86 m² à Agadir,Agadir,PRIX NON SPÉCIFIÉ,1,1,"Appartements, à vendre",Hay Massira,1,,,,,non,non,non,non,non,non,non,non,non,non,non
appartement a vendre a najma résidence bennis,Tanger,3 350 000 DH,3,1,"Appartements, à vendre",Centre,,150,,,,non,non,non,non,non,non,non,non,non,non,non
